,매장명,주소,위도,경도
0,역삼아레나빌딩  ,서울특별시 강남구 언주로 425 (역삼동)1522-3232,37.5010689,127.0430285
1,논현역사거리  ,서울특별시 강남구 강남대로 538 (논현동)1522-3232,37.5135304,127.0315341
2,신사역성일빌딩  ,서울특별시 강남구 강남대로 584 (논현동)1522-3232,37.5135304,127.0315341
3,국기원사거리  ,서울특별시 강남구 테헤란로 125 (역삼동)1522-3232,37.499549,127.0316604
4,대치재경빌딩R  ,서울특별시 강남구 남부순환로 2947 (대치동)1522-3232,37.4945186,127.0626332
5,봉은사역  ,서울특별시 강남구 봉은사로 619 (삼성동)1522-3232,37.5149998,127.0631169
6,압구정윤성빌딩  ,서울특별시 강남구 논현로 834 (신사동)1522-3232,37.5227934,127.0286009
7,코엑스별마당  ,서울특별시 강남구 영동대로 513 (삼성동)1522-3232,37.5101935,127.0585824
8,삼성역섬유센터R  ,서울특별시 강남구 테헤란로 518 (대치동)1522-3232,37.5075512,127.060561
9,압구정R  ,서울특별시 강남구 언주로 861 (신사동)1522-3232,37.5273669,127.0330761
10,수서역R  ,서울특별시 강남구 광평로 281 (수서동)1522-3232,37.4879723,127.1026505
11,양재강남빌딩R  ,서울특별시 강남구 남부순환로 2621 (도곡동)1522-3232,37.4898434,127.0438136
12,선릉동신빌딩R  ,서울특별시 강남구 테헤란로 409 (삼성동)1522-3232,37.5053116,127.0503634
13,봉은사로선정릉  ,서울특별시 강남구 봉은사로 446 (삼성동)1522-3232,37.5112773,127.048547
14,강남오거리  ,서울특별시 강남구 봉은사로2길 39 (역삼동)1522-3232,37.5020667,127.0266414
15,스타필드코엑스몰R  ,서울특별시 강남구 영동대로 513 (삼성동) 코엑스 A106호1522-3232,37.5101935,127.0585824
16,강남구청정문  ,서울특별시 강남구 학동로 419 (청담동)1522-3232,37.5182675,127.0459628
17,도곡공원  ,서울특별시 강남구 도곡로 205 (역삼동)1522-3232,37.493073,127.0412545
18,강남R  ,서울특별시 강남구 강남대로 390 (역삼동)1522-3232,37.4999072,127.0373932
19,대치은마사거리  ,서울특별시 강남구 도곡로 457 (대치동)1522-3232,37.4989728,127.060172
20,청담영동대로  ,서울특별시 강남구 영동대로 720 (청담동)1522-3232,37.522156,127.0564489
21,압구정  ,서울특별시 강남구 압구정로30길 17 (신사동)1522-3232,37.5262829,127.0295602
22,신사가로수  ,서울특별시 강남구 가로수길 59 1522-3232,37.524609,127.022951
23,청담스타R  ,서울특별시 강남구 도산대로57길 24 (청담동)1522-3232,37.5252162,127.0418275
24,강남우성  ,서울특별시 강남구 강남대로 328 (역삼동)1522-3232,37.4999072,127.0373932
25,학동사거리  ,서울특별시 강남구 도산대로 328 (논현동)1522-3232,37.52236449999999,127.0379543
26,대치사거리  ,서울특별시 강남구 삼성로 402 (대치동)1522-3232,37.5033312,127.0588167
27,포스코사거리  ,서울특별시 강남구 테헤란로 505 (삼성동) 화진빌딩1522-3232,37.5075307,127.0574271
28,을지병원사거리  ,"서울특별시 강남구 논현로 752 (논현동,구산빌딩)1522-3232",37.5189305,127.0346042
29,신사역  ,서울특별시 강남구 도산대로 108 (논현동) 렉스타워1522-3232,37.516159,127.020635
30,도곡역  ,서울특별시 강남구 남부순환로 2909 (대치동)1522-3232,37.4921442,127.0573977
31,서울세관사거리  ,서울특별시 강남구 언주로 650 (논현동) 한국건설기술인협회1522-3232,37.5148904,127.0357573
32,청담사거리  ,서울특별시 강남구 도산대로 458 (청담동) 리츠타워1522-3232,37.5236351,127.0468651
33,한티역  ,"서울특별시 강남구 도곡로 408, 디마크빌딩 101호 (대치동)1522-3232",37.4966281,127.055214
34,역삼초교사거리  ,서울특별시 강남구 역삼로 123 (역삼동)1522-3232,37.4941005,127.0330019
35,코엑스몰  ,서울특별시 강남구 영동대로 513 (삼성동) O103호1522-3232,37.5101935,127.0585824
36,가로수길  ,"서울특별시 강남구 논현로175길 94, 1~2층 (신사동)1522-3232",37.5231593,127.021625
37,역삼대로  ,"서울특별시 강남구 테헤란로 211, 한국고등교육재단빌딩 1층 (역삼동)1522-3232",37.5018802,127.0392296
38,역삼포스코  ,"서울특별시 강남구 테헤란로 134, P&S TOWER (역삼동)1522-3232",37.4993385,127.0337927
39,강남대로  ,"서울특별시 강남구 강남대로 456, 한석타워 2층 1-2호 (역삼동)1522-3232",37.50310109999999,127.0255479
40,청담  ,"서울특별시 강남구 도산대로 532, 인희빌딩 1층 (청담동)1522-3232",37.5243631,127.0515599
41,삼성도심공항  ,서울특별시 강남구 테헤란로87길 33 (삼성동)1522-3232,37.5097863,127.0579134
42,삼성교  ,"서울특별시 강남구 영동대로86길 12, 동남유화빌딩 1층1522-3232",37.5078813,127.0652928
43,학동역  ,서울특별시 강남구 논현로 704 (논현동)1522-3232,37.5135304,127.0315341
44,대치  ,서울특별시 강남구 도곡로 511 (대치동)1522-3232,37.499591,127.0622226
45,SSG마켓도곡R  ,"서울특별시 강남구 언주로30길 57, 타워팰리스Ⅱ F 지하1층 (도곡동)1522-3232",37.4896405,127.0545117
46,삼성  ,"서울특별시 강남구 테헤란로 443, 애플트리타워 1층 (삼성동)1522-3232",37.5069114,127.0555833
47,선릉세화빌딩  ,서울특별시 강남구 테헤란로64길 18 (대치동) 1층1522-3232,37.5037306,127.0511864
48,압구정역  ,"서울특별시 강남구 압구정로 170, 관영빌딩 1층 지하1층 (신사동)1522-3232",37.52671960000001,127.028094
49,압구정로  ,서울특별시 강남구 압구정로42길 32 (신사동)1522-3232,37.5268082,127.0347226
50,구역삼사거리  ,서울특별시 강남구 논현로 401 (역삼동)1522-3232,37.49589570000001,127.0388933
51,큰길타워  ,"서울특별시 강남구 테헤란로 223, 큰길타워빌딩 (역삼동)1522-3232",37.5023634,127.0406629
52,강남구청역  ,"서울특별시 강남구 선릉로 669, 웰빙센터 1층 (논현동)1522-3232",37.5135304,127.0315341
53,대치역  ,서울특별시 강남구 남부순환로 2936 (대치동) 107호1522-3232,37.4933099,127.0619031
54,포이  ,서울특별시 강남구 논현로 88 (개포동)1522-3232,37.4789643,127.0609282
55,아크플레이스  ,서울특별시 강남구 테헤란로 142 (역삼동)1522-3232,37.4996847,127.0349215
56,학여울역  ,서울특별시 강남구 영동대로 215 (대치동)1522-3232,37.4979557,127.0685027
57,선정릉역  ,서울특별시 강남구 봉은사로 407 (삼성동) 에프오빌딩1522-3232,37.5108656,127.0449904
58,삼성현대힐  ,서울특별시 강남구 삼성로 605 (삼성동)1522-3232,37.5139848,127.0565207
59,GS타워  ,서울특별시 강남구 논현로 508 (역삼동)1522-3232,37.5018592,127.0372776
60,압구정미소  ,서울특별시 강남구 논현로 841 (신사동)1522-3232,37.5240211,127.0278937
61,선릉역  ,"서울특별시 강남구 테헤란로 334, LG화재 빌딩 (역삼동)1522-3232",37.5086154,127.0597808
62,코엑스사거리  ,서울특별시 강남구 영동대로 616 (삼성동)1522-3232,37.5153516,127.0601103
63,역삼럭키  ,서울특별시 강남구 도곡로 183 (역삼동)1522-3232,37.4921956,127.039393
64,차병원사거리  ,"서울특별시 강남구 봉은사로 213, 센트럴타워 (논현동)1522-3232",37.50800400000001,127.0353584
65,청담공원  ,서울특별시 강남구 학동로 506 (삼성동)1522-3232,37.5186549,127.0514387
66,신압구정  ,서울특별시 강남구 언주로174길 29 (신사동)1522-3232,37.5280809,127.0364236
67,아크로힐스논현  ,"서울특별시 강남구 봉은사로 304, 금강빌딩 1-2층 (역삼동)1522-3232",37.5089909,127.0403621
68,강남비젼타워  ,"서울특별시 강남구 테헤란로2길 27, 1층 101호 (역삼동)1522-3232",37.4964557,127.0296885
69,역삼역  ,"서울특별시 강남구 테헤란로 145, 우신빌딩 1층 (역삼동)1522-3232",37.5006707,127.0351734
70,압구정로데오역  ,"서울특별시 강남구 선릉로 836, 삼원빌딩 1,2층 (청담동)1522-3232",37.5265058,127.0405179
71,르네상스사거리  ,서울특별시 강남구 테헤란로 306 (역삼동)1522-3232,37.5025597,127.044093
72,포스코  ,"서울특별시 강남구 삼성로86길 7, 1층 (대치동)1522-3232",37.5057344,127.0579281
73,선릉로  ,"서울특별시 강남구 선릉로93길 22, 대흥빌딩 1층 (역삼동)1522-3232",37.5049219,127.0467242
74,논현힐탑  ,서울특별시 강남구 논현로 648 (논현동)1522-3232,37.5135304,127.0315341
75,도산가로수길  ,"서울특별시 강남구 도산대로 134, 2층 (논현동)1522-3232",37.5172519,127.0233424
76,대치한티  ,서울특별시 강남구 선릉로 324 (대치동)1522-3232,37.4984818,127.052066
77,수서역사거리  ,서울특별시 강남구 광평로 280 (수서동)1522-3232,37.4872829,127.1031088
78,코엑스아셈타워  ,서울특별시 강남구 영동대로 517 (삼성동)1522-3232,37.5101935,127.0585824
79,센터필드R  ,서울특별시 강남구 테헤란로 231 (역삼동)1522-3232,37.5030426,127.041588
80,도산사거리  ,서울특별시 강남구 언주로 727 (논현동)1522-3232,37.5135304,127.0315341
81,강남세곡  ,서울특별시 강남구 헌릉로569길 18 (세곡동)1522-3232,37.46525,127.1197385
82,대치삼성프라자  ,서울특별시 강남구 영동대로 237 (대치동)1522-3232,37.5003097,127.0669613
83,강남역신분당역사  ,서울특별시 강남구 강남대로 396 (역삼동)1522-3232,37.4999072,127.0373932
84,테헤란로아남타워  ,서울특별시 강남구 테헤란로 311 (역삼동)1522-3232,37.5037497,127.0448356
85,강남논현  ,서울특별시 강남구 강남대로 512 (논현동)1522-3232,37.5135304,127.0315341
86,삼성동  ,서울특별시 강남구 영동대로96길 12 (삼성동)1522-3232,37.5107008,127.0635676
87,역삼이마트  ,서울특별시 강남구 역삼로 310 (역삼동)1522-3232,37.4992239,127.048424
88,미아뉴타운  ,서울특별시 강북구 삼양로 161 (미아동)1522-3232,37.6183622,127.0210925
89,강북구청사거리  ,서울특별시 강북구 도봉로 365 (수유동)1522-3232,37.6400187,127.0273281
90,미아사거리역  ,서울특별시 강북구 도봉로 32 (미아동)1522-3232,37.611809,127.0306971
91,수유역  ,서울특별시 강북구 도봉로 342 (번동)1522-3232,37.6380167,127.026135
92,미아역  ,서울특별시 강북구 도봉로 196 (미아동)1522-3232,37.6276849,127.0260705
93,파라스파라서울  ,서울특별시 강북구 삼양로 689 (우이동)[*미고시]1522-3232,37.6370282,127.0170402
94,발산역사거리  ,서울특별시 강서구 공항대로 248 (마곡동)1522-3232,37.5707835,126.82871
95,마곡역  ,서울특별시 강서구 공항대로 168 (마곡동)1522-3232,37.57288090000001,126.8285073
96,우장산역  ,서울특별시 강서구 강서로 267 (내발산동)1522-3232,37.5495419,126.835914
97,마곡사이언스타워R  ,서울특별시 강서구 마곡동로 62 (마곡동)1522-3232,37.5735074,126.8285405
98,방화DT  ,서울특별시 강서구 방화대로 375 (방화동)1522-3232,37.5743389,126.8164145
99,마곡나루역  ,서울특별시 강서구 마곡중앙로 161-17 (마곡동)1522-3232,37.5751733,126.8280786
100,마곡GMG  ,"서울특별시 강서구 마곡중앙6로 16 (마곡동) 117,118,119,120호1522-3232",37.5712911,126.8369374
101,가양역  ,서울특별시 강서구 양천로 476 (등촌동)1522-3232,37.551791,126.8583459
102,화곡DT  ,서울특별시 강서구 등촌로 57 (화곡동)1522-3232,37.5350355,126.8631182
103,양천향교역  ,서울특별시 강서구 강서로 463 (마곡동)1522-3232,37.5764888,126.8307466
104,화곡동  ,서울특별시 강서구 화곡로 142(화곡동)1522-3232,37.5405337,126.8375885
105,등촌  ,서울특별시 강서구 공항대로 329 (등촌동)1522-3232,37.558653,126.8532512
106,염창역  ,서울특별시 강서구 공항대로 627 (염창동)1522-3232,37.547251,126.8745264
107,발산역  ,서울특별시 강서구 강서로 388 (등촌동) 그랜드마트1522-3232,37.5601723,126.8393026
108,가양이마트  ,서울특별시 강서구 양천로 559 (가양동) 1층1522-3232,37.566624,126.8424614
109,까치산역  ,서울특별시 강서구 강서로13길 3 (화곡동)1522-3232,37.5316073,126.8454041
110,등촌대로  ,"서울특별시 강서구 공항대로 543 (염창동, 센터스퀘어)1522-3232",37.5540319,126.8717993
111,가양역사거리  ,"서울특별시 강서구 화곡로 416 (등촌동) 가양더스카이벨리5차 지식산업센터 101, 102, 114,~117호1522-3232",37.559882,126.8553509
112,내발산  ,"서울특별시 강서구 강서로 323 (내발산동), 101/102호1522-3232",37.5589929,126.8288187
113,마곡웰튼  ,"서울특별시 강서구 마곡중앙5로 22 (마곡동), 104/105/106호1522-3232",37.5714215,126.8355464
114,강서NC  ,서울특별시 강서구 강서로56길 17 (등촌동)1522-3232,37.55990389999999,126.8405122
115,마곡나루공원  ,서울특별시 강서구 마곡중앙5로 47 (마곡동)1522-3232,37.5770275,126.8346202
116,강서구청사거리  ,서울특별시 강서구 화곡로 350 (화곡동)1522-3232,37.5547254,126.8520968
117,낙성대역  ,서울특별시 관악구 남부순환로 1908 (봉천동)1522-3232,37.4776649,126.9611926
118,관악서울대입구R  ,서울특별시 관악구 관악로 158 (봉천동)1522-3232,37.4792703,126.9527981
119,신림DT  ,서울특별시 관악구 남부순환로 1419 (신림동)1522-3232,37.4860743,126.9308822
120,서울대역  ,서울특별시 관악구 남부순환로 1817 (봉천동)1522-3232,37.4815987,126.9522003
121,낙성대DT  ,서울특별시 관악구 남부순환로 1948 (봉천동)1522-3232,37.4761693,126.9650053
122,사당  ,서울특별시 관악구 남부순환로 2082-251522-3232,37.47600910000001,126.9809985
123,보라매대교  ,서울특별시 관악구 보라매로3길 23 (봉천동) 1층1522-3232,37.4909895,126.9255211
124,신림사거리  ,서울특별시 관악구 남부순환로 1619 (신림동)1522-3232,37.4846038,126.9304905
125,신림  ,서울특별시 관악구 신림로 355-1 (신림동)1522-3232,37.48605870000001,126.9291581
126,신림타임스트림  ,서울특별시 관악구 신림로 330 타임스트림 1층1522-3232,37.4838735,126.9302332
127,서울대입구역  ,서울특별시 관악구 남부순환로 1812 (봉천동)1522-3232,37.4811125,126.9513217
128,봉천역  ,서울특별시 관악구 남부순환로 1730 (봉천동)1522-3232,37.4820227,126.9422444
129,건국대  ,서울특별시 광진구 능동로 117 (화양동)1522-3232,37.5477745,127.0706455
130,어린이대공원역  ,서울특별시 광진구 능동로 243 (군자동)1522-3232,37.5527512,127.0767631
131,아차산역  ,서울특별시 광진구 천호대로 676 (구의동)1522-3232,37.5506271,127.0899534
132,올림픽대교북단  ,서울특별시 광진구 광나루로 608 (구의동)1522-3232,37.5411292,127.0952402
133,구의DT  ,서울특별시 광진구 광나루로 519 (구의동)1522-3232,37.545357,127.0871714
134,자양사거리  ,서울특별시 광진구 아차산로 3551522-3232,37.5417175,127.0873849
135,군자역  ,서울특별시 광진구 천호대로 548 (군자동) 중앙빌딩1522-3232,37.5566812,127.0789171
136,광나루  ,"서울특별시 광진구 아차산로 607, 1,2층 (광장동)1522-3232",37.5566878,127.1121244
137,건대스타시티  ,서울특별시 광진구 아차산로 262 (자양동)1522-3232,37.5376127,127.0726183
138,자양  ,서울특별시 광진구 능동로 50 (자양동)1522-3232,37.5354769,127.0691462
139,강변역  ,서울특별시 광진구 구의강변로 64 (구의동) 구의아크로리버1522-3232,37.5360961,127.0927925
140,건대입구  ,서울특별시 광진구 능동로 107 (화양동)1522-3232,37.5460727,127.0722917
141,구의역  ,서울특별시 광진구 아차산로 373 (구의동)1522-3232,37.5369745,127.0840194
142,광장  ,서울특별시 광진구 아차산로 537-17 (광장동)1522-3232,37.5552818,127.1127862
143,건국클래식  ,서울특별시 광진구 능동로 90 (자양동) 더 클래식5001522-3232,37.5387765,127.0710831
144,건대후문  ,서울특별시 광진구 능동로 172 (화양동)1522-3232,37.5477537,127.0714391
145,중곡역  ,"서울특별시 광진구 능동로 400 (중곡동) 1층 108,109,110,111,112,118 6개호실1522-3232",37.56042619999999,127.0917369
146,자양이마트  ,서울특별시 광진구 아차산로 272 (자양동) 지하1층1522-3232,37.5376127,127.0726183
147,뚝섬유원지역  ,"서울특별시 광진구 능동로 18 (자양동, 이튼타워리버3차)1522-3232",37.5325759,127.0679308
148,군자사거리  ,서울특별시 광진구 천호대로 549 (중곡동) 1층1522-3232,37.5575666,127.079334
149,금천구청역  ,"서울특별시 금천구 시흥대로73길 67 (시흥동)112,113,114,115호1522-3232",37.4568736,126.8978
150,가산에스케이  ,서울특별시 금천구 가산디지털1로 171 (가산동)1522-3232,37.4806318,126.8805702
151,독산사거리  ,서울특별시 금천구 시흥대로 426 (독산동)1522-3232,37.4715113,126.8987752
152,금천시흥  ,서울특별시 금천구 시흥대로 164 (시흥동)1522-3232,37.4488601,126.903246
153,가산디지털단지역  ,서울특별시 금천구 벚꽃로 298 (가산동)1522-3232,37.4813244,126.8837789
154,금천독산  ,서울특별시 금천구 두산로 70 (독산동)1522-3232,37.4704162,126.8920672
155,가산디지털  ,서울특별시 금천구 가산디지털1로 168 (가산동)1522-3232,37.4798346,126.8824997
156,W-Mall  ,서울특별시 금천구 디지털로 188 (가산동)1522-3232,37.4773244,126.8877548
157,마리오아울렛  ,서울특별시 금천구 벚꽃로 266 마리오아울렛3관1522-3232,37.4785992,126.8851547
158,가산브이타워  ,서울특별시 금천구 가산디지털1로 128 (가산동)1522-3232,37.4771592,126.8837142
159,가산그레이트  ,"서울특별시 금천구 디지털로9길 32, 갑을그레이트밸리 1층 (가산동)1522-3232",37.4794491,126.8874768
160,독산역  ,"서울특별시 금천구 가산디지털1로 16 (가산동), 107-2, 108, 109호1522-3232",37.4676446,126.8876698
161,월계역  ,"서울특별시 노원구 초안산로2라길26 월계동(104,105,106호)1522-3232",37.63115310000001,127.0577021
162,월계트레이더스  ,서울특별시 노원구 마들로3길 15 (월계동)1522-3232,37.62644,127.0619091
163,상계초교사거리  ,서울특별시 노원구 노원로 449 (상계동)1522-3232,37.6622675,127.067351
164,공릉DT  ,서울특별시 노원구 동일로 1015 (공릉동)1522-3232,37.6206884,127.0743116
165,노원마들역  ,"서울특별시 노원구 노원로 569 (상계동, 임광아파트)1522-3232",37.6606791,127.057048
166,공릉역  ,서울특별시 노원구 동일로 1081 (공릉동)1522-3232,37.6304778,127.0901988
167,은행사거리  ,"서울특별시 노원구 중계로 217, 중흥빌딩 103,203호 (중계동)1522-3232",37.6504634,127.0759752
168,노원KT  ,"서울특별시 노원구 노해로 502, (주)KT 노원사옥 (상계동)1522-3232",37.6535907,127.0611749
169,광운대  ,서울특별시 노원구 석계로 104 (월계동)1522-3232,37.6231479,127.0607009
170,중계역  ,"서울특별시 노원구 동일로 1339, 대한빌딩 (상계동)1522-3232",37.6481244,127.0621656
171,노원역  ,서울특별시 노원구 동일로 1413 (상계동) 1층1522-3232,37.6547298,127.0600029
172,월계이마트  ,서울특별시 노원구 마들로3길 15 (월계동)1522-3232,37.62644,127.0619091
173,태릉입구역DT  ,서울특별시 노원구 화랑로 469 (공릉동)1522-3232,37.619211,127.0792994
174,창동이마트  ,서울특별시 도봉구 노해로65길 4 (창동)1522-3232,37.6516821,127.046933
175,쌍문역  ,서울특별시 도봉구 도봉로 480 (창동)1522-3232,37.6483224,127.0348734
176,쌍문도봉로  ,서울특별시 도봉구 도봉로 444 (창동)1522-3232,37.6453516,127.0331011
177,방학역  ,"서울특별시 도봉구 도봉로 684 (방학동)101,102,113,114,115호1522-3232",37.665957,127.0390407
178,노량진동  ,"서울특별시 동작구 노량진로 190 (노량진동, 고려교육타워-어바니엘한강) 101호~105호1522-3232",37.5131423,126.9465461
179,남성역  ,서울특별시 동작구 사당로 219 (사당동)1522-3232,37.4841211,126.9726489
180,상도역  ,서울특별시 동작구 상도로37길 1 (상도1동)1522-3232,37.5005225,126.9506584
181,보라매공원R  ,"서울특별시 동작구 보라매로5길 35 (신대방동, 파크스퀘어,보라매현대APT)1522-3232",37.4920496,126.9234976
182,이수자이  ,서울특별시 동작구 사당로 300 (사당동 이수자이)1522-3232,37.4843975,126.9804278
183,노량진역  ,서울특별시 동작구 노량진로 134 (노량진동)1522-3232,37.51259659999999,126.9471441
184,신대방삼거리역  ,서울특별시 동작구 상도로 102 (상도동)1522-3232,37.4999142,126.9317661
185,중앙대  ,서울특별시 동작구 흑석로 75-1 (흑석동)1522-3232,37.5069327,126.9581247
186,숭실대입구역  ,서울특별시 동작구 상도로 354 (상도동)1522-3232,37.4968346,126.9527123
187,숭실대  ,서울특별시 동작구 사당로 4 (상도동)1522-3232,37.4953631,126.9548386
188,사당역  ,"서울특별시 동작구 동작대로 21, 양지빌딩 1-3층 (사당동)1522-3232",37.4784593,126.9813316
189,서강대프라자  ,서울특별시 마포구 백범로 35 (신수동)1522-3232,37.5482918,126.9396564
190,상암YTN  ,서울특별시 마포구 상암산로 76 (상암동)1522-3232,37.5756558,126.8977097
191,마포용강동  ,서울특별시 마포구 토정로 295 (용강동)1522-3232,37.5411857,126.9422092
192,홍대입구역사거리R  ,서울특별시 마포구 양화로 125 (서교동)1522-3232,37.5546884,126.9202895
193,마포경찰서후문  ,서울특별시 마포구 마포대로 173-14 (아현동)1522-3232,37.5539707,126.950408
194,공덕  ,서울특별시 마포구 마포대로 130 (공덕동)1522-3232,37.5500158,126.9534217
195,합정폴리스R  ,"서울특별시 마포구 양화로 45 (서교동, 메세나폴리스)1522-3232",37.5499443,126.9137027
196,홍대공항철도역  ,서울특별시 마포구 양화로 178 (동교동)1522-3232,37.557008,126.9290252
197,마포염리  ,서울특별시 마포구 독막로 311 (염리동)1522-3232,37.5438755,126.9476798
198,서강광흥창역  ,서울특별시 마포구 서강로 69 (창전동)1522-3232,37.5493766,126.9316559
199,합정  ,"서울특별시 마포구 월드컵로1길 14 (합정동) 마포한강푸르지오 110, 111, 112-21522-3232",37.550704,126.912613
200,서강대흥역  ,서울특별시 마포구 백범로 89-5 (대흥동)1522-3232,37.5528171,126.9466385
201,서교동사거리  ,서울특별시 마포구 양화로 105 (서교동)1522-3232,37.5533761,126.9185644
202,상암사보이시티  ,서울특별시 마포구 월드컵북로54길 17 (상암동)1522-3232,37.5764202,126.8880394
203,신촌오거리  ,서울특별시 마포구 신촌로16길 10 (노고산동)1522-3232,37.555138,126.9346633
204,상암디지털큐브  ,서울특별시 마포구 상암산로 341522-3232,37.5784516,126.8915392
205,상수역  ,서울특별시 마포구 독막로 88 (상수동)1522-3232,37.54898560000001,126.9240226
206,공덕오거리  ,서울특별시 마포구 마포대로 86 (도화동) 창강빌딩1522-3232,37.5426483,126.9505562
207,서강대  ,서울특별시 마포구 백범로 23 (신수동)1522-3232,37.5494638,126.9400348
208,상암MBC  ,서울특별시 마포구 성암로 267 (상암동)1522-3232,37.5740931,126.9035854
209,홍대역  ,"서울특별시 마포구 양화로 165, 상진빌딩 1층 (동교동)1522-3232",37.5571739,126.923614
210,동교  ,"서울특별시 마포구 월드컵북로 22, 영준빌딩 1층 (동교동)1522-3232",37.5568085,126.9199839
211,애오개역  ,"서울특별시 마포구 마포대로 201, 마포트라팰리스II (아현동)1522-3232",37.5521804,126.9554999
212,상암DMC  ,"서울특별시 마포구 월드컵북로 375, DMC이안오피스텔1단지 102호,202호 (상암동)1522-3232",37.5773051,126.8906358
213,마포일진빌딩  ,"서울특별시 마포구 마포대로 45, 일진빌딩 1층 (도화동)1522-3232",37.5404326,126.9463602
214,마포아크로  ,서울특별시 마포구 마포대로 68 (도화동) 마포아크로타워1522-3232,37.5413152,126.9489731
215,홍대삼거리  ,서울특별시 마포구 와우산로 64 (상수동)1522-3232,37.5487686,126.9250204
216,망원역  ,서울특별시 마포구 월드컵로 74 (서교동)1522-3232,37.5557302,126.9106996
217,마포이마트  ,서울특별시 마포구 백범로 212 (신공덕동) 마포이마트1522-3232,37.542371,126.953362
218,합정메세나몰  ,"서울특별시 마포구 양화로 45 (서교동, 메세나폴리스)1522-3232",37.5499443,126.9137027
219,아현역대로  ,서울특별시 마포구 신촌로 262 (아현동)1522-3232,37.5570273,126.9548041
220,홍대역8번출구  ,서울특별시 마포구 양화로 166 (동교동)1522-3232,37.5567531,126.9246749
221,망원한강공원  ,서울특별시 마포구 마포나루길 435 (망원동)1522-3232,37.5604025,126.9029565
222,서교  ,서울특별시 마포구 양화로 78 (서교동) 서교빌딩 1층1522-3232,37.5512986,126.9169248
223,가재울뉴타운  ,"서울특별시 서대문구 가재울미래로 2 (남가좌동, DMC파크뷰자이)1522-3232",37.58470519999999,126.9229346
224,남가좌사거리  ,"서울특별시 서대문구 거북골로 84 (남가좌동, DMC에코자이104동)1522-3232",37.577193,126.9192653
225,신촌역  ,서울특별시 서대문구 신촌로 73 (창천동)1522-3232,37.5562647,126.9345138
226,연희동  ,서울특별시 서대문구 연희로 97 (연희동)1522-3232,37.5667633,126.9305031
227,아현역  ,"서울특별시 서대문구 신촌로35길 10 (북아현동, E편한세상신촌 4단지)1522-3232",37.5584231,126.9546193
228,홍제역  ,서울특별시 서대문구 통일로 451 (홍제동)1522-3232,37.5928458,126.9516355
229,연세백양로  ,서울특별시 서대문구 연세로 50 (신촌동) 연세대학교1522-3232,37.564089,126.9389809
230,연희DT  ,서울특별시 서대문구 연희로 144 (연희동)1522-3232,37.5701185,126.9338591
231,경기대  ,서울특별시 서대문구 충정로 53 (충정로2가)1522-3232,37.5658142,126.9638013
232,신촌  ,서울특별시 서대문구 연세로 10-1 (창천동)1522-3232,37.5564503,126.9371086
233,이대R  ,서울특별시 서대문구 이화여대길 34 (대현동)1522-3232,37.5583821,126.9459524
234,연세종합관  ,"서울특별시 서대문구 연세로 50, 연세세브란스 종합관 (신촌동)1522-3232",37.5623371,126.9408692
235,이대ECC  ,서울특별시 서대문구 이화여대길 52 (대현동) 이화여자대학교 B415호1522-3232,37.5618588,126.9468339
236,연대  ,서울특별시 서대문구 연세로 35 (창천동)1522-3232,37.5586875,126.9366988
237,신촌아트레온  ,서울특별시 서대문구 신촌로 129 (창천동)1522-3232,37.5601918,126.9308653
238,충정로역  ,서울특별시 서대문구 충정로 231522-3232,37.5627988,126.9647478
239,연대동문  ,서울특별시 서대문구 성산로 565 (대신동)1522-3232,37.566388,126.9462765
240,신촌명물거리  ,"서울특별시 서대문구 명물길 24, 1-5층 (창천동)1522-3232",37.5577614,126.9381244
241,충정타워  ,"서울특별시 서대문구 서소문로 21, 충정타워빌딩 1층 (충정로3가)1522-3232",37.5598507,126.964065
242,북가좌DT  ,서울특별시 서대문구 응암로 85 (북가좌동)1522-3232,37.5809257,126.9117019
243,현대신촌  ,서울특별시 서대문구 신촌로 83 (창천동)1522-3232,37.5594444,126.9363032
244,방배로  ,서울특별시 서초구 방배로 52 (방배동)1522-3232,37.4794494,126.9993484
245,강남교보타워R  ,서울특별시 서초구 강남대로 465 (서초동)1522-3232,37.5037208,127.0240967
246,방배다이치빌딩  ,서울특별시 서초구 방배로 114 (방배동)1522-3232,37.4843008,126.9960781
247,센트럴F1  ,서울특별시 서초구 신반포로 176 (반포동)1522-3232,37.5041299,127.0030692
248,서초역이화빌딩  ,서울특별시 서초구 반포대로21길 3 (서초동)1522-3232,37.4882539,127.0090099
249,서초구청  ,서울특별시 서초구 남부순환로 2557 (서초동)1522-3232,37.4844008,127.0300468
250,서초우성사거리  ,서울특별시 서초구 강남대로 343 (서초동)1522-3232,37.4934821,127.0292328
251,이수역사거리  ,"서울특별시 서초구 서초대로 3-4 (방배동, 방배디오슈페리움1)1522-3232",37.4858503,126.9830269
252,강남대로신사  ,서울특별시 서초구 강남대로 595 (잠원동)1522-3232,37.5148246,127.01945
253,서울고속터미널  ,서울특별시 서초구 신반포로 194 (반포동)1522-3232,37.5054942,127.006719
254,강남대로논현R  ,서울특별시 서초구 강남대로85길 5 (반포동)1522-3232,37.5073277,127.0225816
255,방배  ,서울특별시 서초구 방배로 2111522-3232,37.4866882,126.9948792
256,방배카페거리  ,서울특별시 서초구 방배중앙로 162 (방배동)1522-3232,37.4934767,126.9865297
257,서초법원  ,서울특별시 서초구 서초대로 274 (서초동)1522-3232,37.4927671,127.0117898
258,청계산입구역  ,서울특별시 서초구 청계산로 203 (신원동)1522-3232,37.447281,127.0557559
259,사당로데오  ,서울특별시 서초구 방배천로 5-4(방배동)1522-3232,37.4772752,126.9821605
260,파미에파크R  ,서울특별시 서초구 사평대로 205 (반포동) CENTRALCITY1522-3232,37.5044253,127.0077601
261,교대역  ,서울특별시 서초구 서초중앙로 138 (서초동) 우림빌딩1522-3232,37.4856009,127.0164403
262,양재역  ,서울특별시 서초구 강남대로 202 (양재동) 모산빌딩1522-3232,37.4823239,127.0368273
263,논현역  ,서울특별시 서초구 강남대로 557 (잠원동) 1~2층1522-3232,37.5115145,127.0205781
264,이수역  ,서울특별시 서초구 동작대로 112 (방배동)1522-3232,37.4864664,126.9827403
265,내방역  ,서울특별시 서초구 방배로 184 (방배동) 대풍빌딩1522-3232,37.4938216,126.9845543
266,서초파라곤  ,서울특별시 서초구 서초대로74길 29 (서초동) 서초파라곤1522-3232,37.4949048,127.027432
267,서울아트센터  ,서울특별시 서초구 남부순환로 2395 (서초동) 호경빌딩1522-3232,37.4806256,127.0123511
268,서초중앙로  ,서울특별시 서초구 서초중앙로 2251522-3232,37.4933118,127.0145415
269,센트럴시티  ,서울특별시 서초구 신반포로 176 (반포동)1522-3232,37.5041299,127.0030692
270,강남삼성타운  ,서울특별시 서초구 서초대로78길 24 (서초동)1522-3232,37.4955152,127.027742
271,방배역  ,서울특별시 서초구 방배로 84 (방배동)1522-3232,37.48193,126.9976464
272,반포역  ,서울특별시 서초구 신반포로 257 (잠원동) 신반포11차상가1522-3232,37.5094191,127.0130498
273,남부터미널  ,"서울특별시 서초구 서초중앙로 26, 래미안서초유니빌 1층 101호 (서초동)1522-3232",37.4855248,127.0074256
274,뉴코아강남  ,서울특별시 서초구 잠원로 69 (잠원동) 킴스클럽1522-3232,37.5071587,127.0069616
275,강남2  ,"서울특별시 서초구 서초대로77길 27, 유빌딩 1,2층 (서초동)1522-3232",37.5000875,127.0254909
276,교대  ,서울특별시 서초구 서초중앙로 118 (서초동)1522-3232,37.4923513,127.0142164
277,하이브랜드  ,"서울특별시 서초구 매헌로 16, 리빙관 101호 (양재동)1522-3232",37.4629528,127.0369582
278,신논현역  ,서울특별시 서초구 강남대로 483 (반포동) 청호빌딩1522-3232,37.5053019,127.0236395
279,영동2교  ,"서울특별시 서초구 논현로 139, 대흥빌딩 (양재동)1522-3232",37.481962,127.0425724
280,남부터미널2  ,서울특별시 서초구 효령로 274 (서초동)1522-3232,37.4843561,127.0142016
281,서래마을입구  ,서울특별시 서초구 서래로 48 (반포동)1522-3232,37.49922970000001,126.9985484
282,몬테소리  ,서울특별시 서초구 강남대로 399 (서초동)1522-3232,37.4982126,127.0268238
283,서초역  ,서울특별시 서초구 반포대로 118 (서초동)1522-3232,37.4906229,127.0085975
284,교대법원  ,서울특별시 서초구 서초중앙로 164 (서초동)1522-3232,37.4963206,127.0133771
285,강남GT타워  ,"서울특별시 서초구 서초대로 411, GT타워 (서초동)1522-3232",37.4979267,127.0260564
286,서초동  ,"서울특별시 서초구 남부순환로339길 64, 현우빌딩 1층 (서초동)1522-3232",37.4858915,127.0215742
287,서울교대  ,"서울특별시 서초구 서초중앙로 64, 1층 (서초동)1522-3232",37.4873998,127.0151589
288,강남에비뉴  ,"서울특별시 서초구 서초대로77길 62, 강남역아이파크 B102~B105 (서초동)1522-3232",37.4870089,126.9907375
289,반포자이  ,서울특별시 서초구 잠원로 24 (반포동)1522-3232,37.5071093,127.0098804
290,서이초교사거리  ,서울특별시 서초구 사임당로 143 (서초동)1522-3232,37.4918146,127.0252252
291,서울웨이브아트센터  ,서울특별시 서초구 잠원로 145-35 (잠원동)1522-3232,37.5160915,127.0088681
292,길음역  ,서울특별시 성북구 정릉로 376 (돈암동)1522-3232,37.6019694,127.0252982
293,미아이마트  ,서울특별시 성북구 도봉로 17 (길음동)1522-3232,37.6108648,127.0296051
294,종암DT  ,서울특별시 성북구 종암로 17 (종암동)1522-3232,37.5919525,127.0360401
295,미아  ,서울특별시 성북구 동소문로 314 (하월곡동)1522-3232,37.6075807,127.0293034
296,성신여대정문  ,서울특별시 성북구 보문로34길 62 (동선동2가)1522-3232,37.5908044,127.0188447
297,종암  ,서울특별시 성북구 종암로 122 (종암동)1522-3232,37.6011247,127.0338991
298,삼선교  ,서울특별시 성북구 동소문로 10 (동소문동2가)1522-3232,37.5886161,127.0071452
299,월곡역  ,"서울특별시 성북구 화랑로 76, 101-1호 (하월곡동)1522-3232",37.60527,127.0469309
300,고대  ,서울특별시 성북구 고려대로24길 51 (안암동5가)1522-3232,37.5866147,127.0303083
301,현대미아  ,서울특별시 성북구 동소문로 315 (길음동) 지하1층1522-3232,37.6083223,127.0287626
302,성신여대  ,서울특별시 성북구 동소문로24길 12 (동선동1가)1522-3232,37.592602,127.0188051
303,안암역  ,서울특별시 성북구 고려대로 102-2 (안암동5가)1522-3232,37.5890249,127.0247254
304,한성대입구역  ,서울특별시 성북구 성북로 11 (성북동1가)1522-3232,37.58843410000001,127.0041459
305,장위뉴타운  ,서울특별시 성북구 장월로38길 4 (장위동)1522-3232,37.6177332,127.0532647
306,송파나루역DT  ,서울특별시 송파구 오금로 142 (송파동)1522-3232,37.5081086,127.1151285
307,송파헬리오시티  ,"서울특별시 송파구 송파대로 345 (가락동, 헬리오시티)1522-3232",37.4976932,127.1066824
308,잠실시그마타워  ,서울특별시 송파구 올림픽로 289 (신천동)1522-3232,37.5145667,127.1024928
309,문정법원로R  ,서울특별시 송파구 송파대로 201 (문정동)1522-3232,37.4873579,127.1196635
310,송파개롱역  ,서울특별시 송파구 오금로 420 (가락동)1522-3232,37.4969567,127.1362521
311,문정하비오  ,"서울특별시 송파구 송파대로 111 (문정동, 파크하비오) 204동 104호~107호1522-3232",37.4857615,127.1317586
312,문정역  ,"서울특별시 송파구 송파대로 167 (문정동)테라타워 B동 137호~139호,204호1522-3232",37.4848376,127.1254914
313,잠실대교남단R  ,서울특별시 송파구 송파대로 570 타워 730 1층1522-3232,37.5157956,127.0988566
314,송파위례  ,"서울특별시 송파구 위례광장로 230 (장지동, 위례2차아이파크)1522-3232",37.4797341,127.1440951
315,송파방이DT  ,서울특별시 송파구 오금로 241 (방이동)1522-3232,37.5164031,127.1215351
316,올림픽평화의문  ,서울특별시 송파구 위례성대로 38 (방이동) 해태그린피아빌라트1522-3232,37.5156426,127.1164819
317,송파아이파크  ,서울특별시 송파구 법원로 55 (문정동)1522-3232,37.4872473,127.1223594
318,송파사거리  ,서울특별시 송파구 송파대로 386 (송파동)1522-3232,37.5022465,127.1103401
319,석촌서호  ,서울특별시 송파구 석촌호수로 176 (삼전동)1522-3232,37.50633510000001,127.0962937
320,문정로데오  ,서울특별시 송파구 동남로 141 (가락동)1522-3232,37.491868,127.1262565
321,올림픽훼미리  ,서울특별시 송파구 중대로 68 (문정동)1522-3232,37.4915118,127.1164066
322,올림픽공원남문  ,서울특별시 송파구 위례성대로 102 (방이동)1522-3232,37.5132916,127.123111
323,방이역  ,"서울특별시 송파구 마천로 53, 1~2층 (오금동)1522-3232",37.5026557,127.133264
324,석촌호수  ,서울특별시 송파구 석촌호수로 262 (송파동)1522-3232,37.5094027,127.1052218
325,잠실푸르지오월드  ,"서울특별시 송파구 올림픽로35가길 9, 잠실푸르지오월드마크 1층 (신천동)1522-3232",37.5175312,127.103575
326,잠실새내역  ,서울특별시 송파구 올림픽로 96 (잠실동)1522-3232,37.5114268,127.0812007
327,잠실역  ,"서울특별시 송파구 송파대로 562 (신천동, 웰리스타워,삼성웰리스아파트) 1층,2층1522-3232",37.5152717,127.0994664
328,갤러리아팰리스  ,"서울특별시 송파구 올림픽로 212, 갤러리아 팰리스 (잠실동)1522-3232",37.5110359,127.093967
329,아시아선수촌  ,서울특별시 송파구 백제고분로 69 (잠실동)1522-3232,37.5104935,127.0790257
330,올림픽아파트  ,서울특별시 송파구 양재대로 1220 (방이동)1522-3232,37.5164031,127.1215351
331,가락본동  ,서울특별시 송파구 송파대로30길 13 (가락동)1522-3232,37.4955962,127.1196205
332,석촌역  ,"서울특별시 송파구 백제고분로 358, 1층 (석촌동)1522-3232",37.5061506,127.0974959
333,가락시장역  ,"서울특별시 송파구 중대로 121, 롯데캐슬 파인힐 1층 (가락동)1522-3232",37.4943071,127.121397
334,가든파이브  ,서울특별시 송파구 충민로 10 (문정동) 가든파이브툴1522-3232,37.4782249,127.1193622
335,송파NC  ,서울특별시 송파구 충민로 66 (문정동)  가든파이브라이프 패션관1층1522-3232,37.4775778,127.1249983
336,몽촌토성역  ,서울특별시 송파구 위례성대로 6 (방이동)1522-3232,37.5127868,127.1166466
337,송파KT  ,"서울특별시 송파구 잠실로 209 (신천동), 오피스빌딩 1층 2~4호1522-3232",37.5130506,127.0915464
338,송파마천사거리DT  ,서울특별시 송파구 거마로 78 (마천동)1522-3232,37.49964,127.1476597
339,목동파리공원  ,서울특별시 양천구 목동동로 377 (목동)1522-3232,37.5352957,126.8788394
340,등촌역  ,서울특별시 양천구 공항대로 566 (목동) 1층 2층1522-3232,37.5468481,126.8751685
341,목동행복한  ,서울특별시 양천구 목동동로 309 (목동)1522-3232,37.5291722,126.8759793
342,신정DT  ,서울특별시 양천구 신월로 341 (신정동)1522-3232,37.5198014,126.8487425
343,목동역  ,서울특별시 양천구 목동로 203 (신정동) 1층일부1522-3232,37.5266578,126.8637816
344,목동오목로  ,"서울특별시 양천구 오목로 279 (목동) 102,103,104,105호1522-3232",37.5259231,126.868438
345,목동8단지  ,서울특별시 양천구 목동서로 299 (신정동)1522-3232,37.520518,126.8688409
346,오목교역  ,서울특별시 양천구 오목로 354 (목동)1522-3232,37.5245067,126.862375
347,신월IC DT  ,서울특별시 양천구 남부순환로 430 (신월동)1522-3232,37.5293911,126.8320559
348,목동7단지  ,서울특별시 양천구 목동서로 213 (목동) 세신비젼프라자1522-3232,37.5279765,126.8706029
349,목동5단지  ,"서울특별시 양천구 목동동로 411, 1동 116호(목동, 부영그린타운3차)1522-3232",37.5367392,126.8821871
350,목동  ,서울특별시 양천구 목동서로 67 (목동) 우성에펠타운1522-3232,37.5363701,126.8785079
351,현대목동  ,"서울특별시 양천구 목동동로 257 (목동, 현대하이페리온) 지하2층1522-3232",37.527149,126.875036
352,목동파라곤  ,"서울특별시 양천구 목동서로 155, 목동파라곤 1층 (목동)1522-3232",37.5293136,126.8751264
353,목동트라팰리스  ,서울특별시 양천구 오목로 299 (목동)1522-3232,37.5257763,126.8703272
354,목동10단지  ,"서울특별시 양천구 목동서로 401 (신정동, 대림아크로빌), 상가A동 101,101-1호1522-3232",37.5153689,126.8595955
355,신월동DT  ,서울특별시 양천구 남부순환로 319 (신월동)1522-3232,37.5382715,126.8271345
356,타임스퀘어R  ,서울특별시 영등포구 영중로 15 지하 1층 (영등포동4가)1522-3232,37.517007,126.9041419
357,샛강역  ,서울특별시 영등포구 여의대방로 376 (여의도동)1522-3232,37.5035749,126.9192153
358,영등포역  ,서울특별시 영등포구 경인로 870 (영등포동1가)1522-3232,37.5169614,126.909139
359,당산대로  ,서울특별시 영등포구 양평로 22 (당산동6가)1522-3232,37.5331208,126.9038043
360,여의도IFC몰(L1)R  ,서울특별시 영등포구 국제금융로 10 (여의도동)  지하1층 178호1522-3232,37.5249367,126.9252845
361,여의도KBS R  ,서울특별시 영등포구 의사당대로 26 (여의도동)1522-3232,37.5265758,126.9181878
362,여의도화재보험  ,서울특별시 영등포구 국제금융로6길 38 (여의도동)1522-3232,37.5213452,126.9259819
363,국회대로  ,서울특별시 영등포구 국회대로 786 (여의도동)1522-3232,37.53026,126.9195488
364,영등포KT  ,서울특별시 영등포구 영중로 119 (영등포동8가)1522-3232,37.5283387,126.905394
365,여의도공원R  ,서울특별시 영등포구 여의공원로 101 (여의도동)1522-3232,37.5292309,126.9248721
366,국회의사당역  ,서울특별시 영등포구 의사당대로 8 (여의도동)1522-3232,37.5278307,126.9168822
367,선유도역  ,서울특별시 영등포구 양평로 115 (양평동4가)1522-3232,37.5377276,126.8945139
368,여의도역R  ,서울특별시 영등포구 의사당대로 83 (여의도동) 1층1522-3232,37.5233278,126.9234386
369,선유동이레빌딩  ,서울특별시 영등포구 선유동2로 57 (양평제1동) 이레빌딩1522-3232,37.5338151,126.8969784
370,동여의도  ,서울특별시 영등포구 국제금융로 86 (여의도동) 롯데캐슬 아이비1522-3232,37.5200722,126.9318875
371,여의도ABL타워  ,서울특별시 영등포구 의사당대로 147 (여의도동) 알리안츠타워1522-3232,37.5187813,126.9278117
372,영등포신길  ,"서울특별시 영등포구 신길로 137 (신길동) 1,2층1522-3232",37.5148999,126.924675
373,문래역  ,서울특별시 영등포구 당산로 34 (문래동3가)1522-3232,37.5190963,126.8985932
374,당산  ,서울특별시 영등포구 양평로 64 (당산동6가)1522-3232,37.5350961,126.8999555
375,여의도한양증권  ,서울특별시 영등포구 국제금융로6길 7 (여의도동) 한양증권1522-3232,37.52236550000001,126.9290942
376,여의도일신  ,서울특별시 영등포구 은행로 11 (여의도동) 1층 1부1522-3232,37.5278712,126.9202202
377,신세계타임스퀘어B2  ,"서울특별시 영등포구 영중로 9, 신세계타임스퀘어점 리빙관 지하2층 (영등포동4가)1522-3232",37.5171482,126.9055629
378,하이테크시티  ,서울특별시 영등포구 경인로 775 (문래동3가) 에이스하이테크시티1522-3232,37.5144447,126.8987734
379,여의도  ,서울특별시 영등포구 국제금융로2길 28 (여의도동)1522-3232,37.5240419,126.9244816
380,롯데캐슬여의도  ,"서울특별시 영등포구 의사당대로 127 (여의도동, 롯데캐슬엠파이어) 1층 104호1522-3232",37.5204394,126.9259986
381,문래동  ,"서울특별시 영등포구 선유로 64, 대창타운빌 1층 (문래동3가)1522-3232",37.5196292,126.8896882
382,신세계타임스퀘어1F  ,"서울특별시 영등포구 영중로 9, 신세계백화점 리빙관 1층 (영등포동4가)1522-3232",37.5171482,126.9055629
383,여의도호성  ,"서울특별시 영등포구 여의대방로65길 24, 호성빌딩 1층 (여의도동)1522-3232",37.5204021,126.9292806
384,타임스퀘어B2  ,"서울특별시 영등포구 영중로 15, 지하2층 (영등포동4가)1522-3232",37.517007,126.9041419
385,영등포본동  ,서울특별시 영등포구 영등포로 254 (영등포동3가)1522-3232,37.5185135,126.9095859
386,타임스퀘어2F  ,서울특별시 영등포구 영중로 15 지상2층 (영등포동4가)1522-3232,37.517007,126.9041419
387,여의도의사당  ,"서울특별시 영등포구 국회대로74길 12, 남중빌딩 1층 (여의도동)1522-3232",37.5300485,126.9210498
388,여의도IFC(1F)  ,서울특별시 영등포구 국제금융로 10 (여의도동)1522-3232,37.5249367,126.9252845
389,여의도신한금융투자타워  ,서울특별시 영등포구 여의대로 70 (여의도동)1522-3232,37.5248014,126.924172
390,선유도역 1번출구  ,서울특별시 영등포구 양평로 128 (양평동5가)양평로 1281522-3232,37.54153700000001,126.8936271
391,영등포시장역  ,서울특별시 영등포구 영중로 79 (영등포동7가)1522-3232,37.5234348,126.9048963
392,영등포구청역  ,서울특별시 영등포구 국회대로 558 1522-3232,37.5275785,126.895872
393,서울양평역  ,"서울특별시 영등포구 선유서로24길 6 (양평동1가, 영등포 중흥 S-CLASS)1522-3232",37.5209864,126.8907643
394,영등포시장교차로  ,서울특별시 영등포구 영중로 45 (영등포동6가)1522-3232,37.52211,126.9031124
395,더현대서울(B2)R  ,서울특별시 영등포구 여의대로 108 (여의도동)1522-3232,37.5237584,126.9225703
396,당산역사거리  ,서울특별시 영등포구 양평로 47 (당산동5가)1522-3232,37.5338262,126.9009868
397,불광역  ,서울특별시 은평구 통일로 715 (대조동)1522-3232,37.609382,126.9303971
398,구파발사거리  ,서울특별시 은평구 진관3로 21 은평엘크루 101동 105-108호1522-3232,37.6394858,126.9189884
399,연신내역사거리  ,서울특별시 은평구 통일로 842 (불광동)1522-3232,37.6186243,126.9220434
400,연신내  ,서울특별시 은평구 통일로 867 (갈현동)1522-3232,37.6220821,126.9137086
401,구파발역  ,서울특별시 은평구 진관2로 121522-3232,37.6354486,126.9231387
402,은평구청입구  ,서울특별시 은평구 은평로 170 (응암동)1522-3232,37.6010363,126.9267886
403,은평이마트  ,서울특별시 은평구 은평로 111 (응암동)1522-3232,37.60077709999999,126.9204992
404,구산역  ,서울특별시 은평구 연서로 146 (대조동)1522-3232,37.6117171,126.9176171
405,수색  ,서울특별시 은평구 수색로 216 (수색동)1522-3232,37.5836106,126.8932739
406,진관DT  ,서울특별시 은평구 연서로 645 (진관동)1522-3232,37.6390164,126.9106767
407,연합뉴스  ,서울특별시 종로구 율곡로2길 25 (수송동)1522-3232,37.5746567,126.9803884
408,혜화역  ,서울특별시 종로구 대학로12길 4 (동숭동)1~2층1522-3232,37.5824779,127.002185
409,경희궁로  ,서울특별시 종로구 새문안로3길 15 (당주동)1522-3232,37.5719693,126.9726999
410,강북삼성병원  ,서울특별시 종로구 새문안로 29 (평동)1522-3232,37.5688719,126.9680775
411,종로평창동  ,서울특별시 종로구 평창12길 3 (평창동)1522-3232,37.60614899999999,126.9672128
412,광화문우체국  ,서울특별시 종로구 종로 6 (서린동)1522-3232,37.5694905,126.9806743
413,더종로R  ,서울특별시 종로구 종로 51 (종로2가)1522-3232,37.5707075,126.9835766
414,독립문역  ,서울특별시 종로구 송월길 155 경희궁자이 4단지 1층 팰리스애비뉴 4114~4119호1522-3232,37.5714356,126.9615273
415,정부서울청사R  ,서울특별시 종로구 새문안로5가길 28 (적선동)1522-3232,37.5744107,126.9735709
416,동묘앞역  ,"서울특별시 종로구 종로 344 (숭인동, 대우디오빌) 101호 일부, 201호 일부1522-3232",37.5726736,127.0160767
417,종로구청  ,서울특별시 종로구 삼봉로 71 (수송동)1522-3232,37.5728106,126.9807587
418,북촌로  ,서울특별시 종로구 북촌로4길 23 (계동)1522-3232,37.5793885,126.9864543
419,종로수송  ,서울특별시 종로구 종로5길 30 (청진동) 1~3층1522-3232,37.5716169,126.9806844
420,새문안로  ,서울특별시 종로구 새문안로 92 (신문로1가) 광화문오피시아빌딩1522-3232,37.5696602,126.9748903
421,안국  ,서울특별시 종로구 북촌로 5-1 (재동)1522-3232,37.5795404,126.9843102
422,삼청동  ,서울특별시 종로구 삼청로 111-1 (삼청동)1522-3232,37.5854493,126.9819032
423,광화문D타워  ,서울특별시 종로구 종로3길 17 (청진동) D타워1522-3232,37.5718419,126.9805444
424,적선  ,"서울특별시 종로구 새문안로5길 55, 노스게이트빌딩 1층 (적선동)1522-3232",37.5750907,126.9739521
425,인사  ,서울특별시 종로구 인사동길 14 (인사동)1522-3232,37.5731223,126.9864102
426,광화문R  ,서울특별시 종로구 세종대로 167 (세종로)1522-3232,37.5712293,126.9762872
427,성대입구  ,서울특별시 종로구 창경궁로 235 (명륜3가)1522-3232,37.582923,126.9983545
428,스페이스본  ,서울특별시 종로구 사직로8길 4 (사직동) 광화문 풍림스페이스본1522-3232,37.5743814,126.9686187
429,주얼리시티  ,서울특별시 종로구 종로 183 (인의동) 효성주얼리시티1522-3232,37.5713845,126.9983523
430,종각  ,서울특별시 종로구 종로 64 (종로2가)1522-3232,37.5699183,126.9845281
431,동숭로아트  ,서울특별시 종로구 동숭길 110 (동숭동)1522-3232,37.5829419,127.0038862
432,종로관철  ,"서울특별시 종로구 종로12길 21, 2층 (관철동)1522-3232",37.5690496,126.9859854
433,경복궁역  ,"서울특별시 종로구 자하문로4길 6, 1층 (통의동)1522-3232",37.5771471,126.9726344
434,이마빌딩  ,서울특별시 종로구 종로1길 42 (수송동)1522-3232,37.5738637,126.9789715
435,마로니에공원  ,"서울특별시 종로구 대학로 116, 1-2층 (동숭동)1522-3232",37.5796075,127.0024305
436,종로3가  ,"서울특별시 종로구 종로 113-1, 1-4층 (종로3가)1522-3232",37.5704726,126.989481
437,대학로  ,"서울특별시 종로구 대학로 57, 홍익대학교 대학로캠퍼스 內 (연건동)1522-3232",37.5765072,127.0015243
438,경복궁사거리  ,"서울특별시 종로구 율곡로 6, B동 101호(중학동, 트윈트리타워)1522-3232",37.5755279,126.9800596
439,종로관수  ,서울특별시 종로구 삼일대로20길 13 (관수동)1522-3232,37.5697113,126.9886559
440,정동  ,서울특별시 종로구 새문안로 42 (신문로2가)1522-3232,37.5686502,126.9701419
441,종로플레이스  ,서울특별시 종로구 창경궁로 120 (인의동)1522-3232,37.571373,126.9999865
442,강북삼성병원1층  ,서울특별시 종로구 새문안로 29 (평동)1522-3232,37.5688719,126.9680775
443,동숭길입구  ,서울특별시 종로구 대학로 146 (혜화동)1522-3232,37.5842128,127.0020237
444,서울대치과병원  ,서울특별시 종로구 대학로 101 서울대학교 치과병원 신관1층1522-3232,37.5775956,126.9998863
445,서대문역  ,서울특별시 종로구 통일로 134 (평동)1522-3232,37.5680134,126.966708
446,숭례문북창  ,서울특별시 중구 세종대로12길 12 (남대문로4가)1522-3232,37.5618085,126.9776349
447,을지로4가역  ,서울특별시 중구 을지로 170 (을지로4가)1522-3232,37.5658155,126.999685
448,동대문두타  ,서울특별시 중구 장충단로 275 (을지로6가)1522-3232,37.5675139,127.0065887
449,대한상공회의소R  ,서울특별시 중구 세종대로 39 (남대문로4가) 1층1522-3232,37.5608154,126.9774665
450,국립중앙의료원  ,서울특별시 중구 을지로 251 (을지로6가)1522-3232,37.566516,127.0062376
451,동국대  ,서울특별시 중구 서애로 1길 111522-3232,37.5609063,126.9991003
452,신세계본점5F  ,서울특별시 중구 소공로 63 (충무로1가)1522-3232,37.5609432,126.9825464
453,을지로내외빌딩R  ,서울특별시 중구 을지로 51 (을지로2가)1522-3232,37.5658904,126.9850802
454,대우재단빌딩  ,서울특별시 중구 퇴계로 18 (남대문로5가)1522-3232,37.5585764,126.9749833
455,동대문공원  ,서울특별시 중구 장충단로 229 (광희동1가)1522-3232,37.5647643,127.0058331
456,을지로국제빌딩  ,서울특별시 중구 남대문로 109 (다동)1522-3232,37.5669467,126.982232
457,동대입구역  ,서울특별시 중구 장충단로 166 (장충동1가)1522-3232,37.5608027,127.0076024
458,신당역사거리  ,서울특별시 중구 다산로 258 (흥인동)1522-3232,37.5658043,127.0165817
459,연세세브란스  ,서울특별시 중구 통일로 10 (남대문로5가)1522-3232,37.5570572,126.9736211
460,회현역  ,서울특별시 중구 퇴계로 72 (회현동) 리더스뷰남산1522-3232,37.5592302,126.9806639
461,을지로경기빌딩  ,서울특별시 중구 남대문로10길 9 (삼각동) 경기빌딩1522-3232,37.5672015,126.9831912
462,을지로2가  ,서울특별시 중구 삼일대로 358 (을지로2가)1522-3232,37.5658904,126.9850802
463,신세계본점6F  ,서울특별시 중구 퇴계로 77 (충무로1가)1522-3232,37.5609432,126.9825464
464,서울중앙우체국  ,서울특별시 중구 소공로 70 (충무로 1가) 서울 중앙 우체국1522-3232,37.5615577,126.9821367
465,한국프레스센터  ,서울특별시 중구 세종대로 124 (태평로1가)1522-3232,37.5679872,126.9771635
466,명동중앙로  ,서울특별시 중구 명동길 60 (명동 2가)1522-3232,37.56369919999999,126.9857659
467,약수역  ,서울특별시 중구 다산로 129 (신당동)1522-3232,37.55539780000001,127.0107109
468,중구저동  ,서울특별시 중구 수표로 34 (저동2가)1522-3232,37.5643293,126.9903246
469,명동길  ,서울특별시 중구 명동10길 411522-3232,37.5627133,126.985603
470,서소문로  ,서울특별시 중구 서소문로 120 (서소문동) 대한빌딩1522-3232,37.5619851,126.9739462
471,신당역  ,"서울특별시 중구 퇴계로 385, 1층 (흥인동)1522-3232",37.5693545,127.0171338
472,명동메트로  ,서울특별시 중구 명동9가길 14 (을지로1가) 메트로호텔1522-3232,37.565127,126.983688
473,숭례문  ,"서울특별시 중구 세종대로 17, 와이즈타워 1층 (남대문로5가)1522-3232",37.5585324,126.9747927
474,순화동더샵  ,"서울특별시 중구 칠패로 27, 1층 (순화동)1522-3232",37.560174,126.9720786
475,대한극장  ,"서울특별시 중구 퇴계로 212 (필동2가) 1,2층1522-3232",37.5609975,126.9933045
476,환구단  ,서울특별시 중구 소공로 112 (소공동)1522-3232,37.5644064,126.9796971
477,무교동  ,서울특별시 중구 무교로 21 (무교동) 코오롱빌딩 1층1522-3232,37.5772001,126.9738307
478,문화일보  ,서울특별시 중구 새문안로 22 (충정로1가) 문화일보1522-3232,37.5665316,126.9681594
479,태평로  ,"서울특별시 중구 세종대로 72, 대영빌딩 1층 (태평로2가)1522-3232",37.5654419,126.9784685
480,퍼시픽타워  ,"서울특별시 중구 세종대로9길 41, 퍼시픽타워 1층 (서소문동)1522-3232",37.5613107,126.9729685
481,남산단암  ,"서울특별시 중구 소월로 10, 단암빌딩 (남대문로5가)1522-3232",37.5562032,126.9749646
482,황학캐슬  ,서울특별시 중구 청계천로 400 (황학동) 롯데캐슬베네치아1522-3232,37.571596,127.022479
483,을지로삼화타워  ,서울특별시 중구 을지로5길 16 (을지로2가) 1층1522-3232,37.5650355,126.9839967
484,소공로  ,"서울특별시 중구 남대문로7길 19, 삼영빌딩 1층 일부 (소공동)1522-3232",37.5637273,126.9807681
485,서소문배재  ,서울특별시 중구 서소문로 99 (서소문동)1522-3232,37.563517,126.975828
486,을지로한국빌딩  ,"서울특별시 중구 을지로 50, 1층 (을지로 2가)1522-3232",37.5664715,126.9857521
487,KG타워  ,서울특별시 중구 통일로 92 (순화동) KG타워1522-3232,37.5635558,126.9692092
488,시청  ,"서울특별시 중구 을지로 19, 삼성화재삼성빌딩 1층 (을지로1가)1522-3232",37.5662422,126.9799415
489,충무로역  ,"서울특별시 중구 퇴계로 197, 충무빌딩 1층 (필동 2가)1522-3232",37.561391,126.9939127
490,명동역  ,"서울특별시 중구 퇴계로 101, 건물 전체 (충무로 1가)1522-3232",37.5609432,126.9825464
491,명동입구  ,서울특별시 중구 남대문로 68-1 (명동2가)1522-3232,37.5631995,126.9822547
492,무교로  ,서울특별시 중구 무교로 15 (무교동)1522-3232,37.5672459,126.9789
493,청계크리스탈스퀘어  ,서울특별시 중구 청계천로 106 (수표동)1522-3232,37.5674037,126.9895729
494,숭례문SG타워  ,서울특별시 중구 세종대로 14 (남대문로5가)1522-3232,37.5580707,126.9747469
495,레스케이프호텔R  ,서울특별시 중구 퇴계로 67 (회현동1가)1522-3232,37.5584918,126.9806097
496,별다방  ,서울특별시 중구 퇴계로 100 (회현동2가)1522-3232,37.5589433,126.9829133
497,포포인츠명동  ,서울특별시 중구 삼일대로10길 36 (저동2가)1522-3232,37.5656637,126.9894803
498,명동남산  ,서울특별시 중구 퇴계로 132 (남산동3가)1522-3232,37.5607046,126.9864471
499,명일역  ,서울특별시 강동구 양재대로 1647 (명일동)1522-3232,37.5502209,127.1500409
500,강동구청DT  ,서울특별시 강동구 성내로 32 (성내동)1522-3232,37.5291389,127.1237922
501,강동암사DT  ,서울특별시 강동구 고덕로 43 (암사동)1522-3232,37.55504,127.1300647
502,굽은다리역  ,"서울특별시 강동구 양재대로 1568 (명일동, 원일타워)1522-3232",37.5453366,127.1433679
503,강동역  ,"서울특별시 강동구 천호대로 1089 (천호동, 강동 헤르셔)1522-3232",37.538274,127.14567
504,둔촌동  ,서울특별시 강동구 양재대로 1303 (성내동) 평원빌딩1522-3232,37.5227235,127.1339426
505,천호로데오  ,서울특별시 강동구 천호대로 1037 (천호동)1522-3232,37.5378069,127.1273094
506,천호이마트  ,서울특별시 강동구 천호대로 1015-14 (천호동) 이마트별관1522-3232,37.5495667,127.1370159
507,길동역  ,서울특별시 강동구 양재대로 1487 (길동)1522-3232,37.5386789,127.1400495
508,상일동  ,"서울특별시 강동구 상일로10길 36, 1~2층 (상일동)1522-3232",37.5622105,126.9854318
509,천호역  ,"서울특별시 강동구 천호대로 1012, 태승빌딩 (성내동)1522-3232",37.5378216,127.1242994
510,명일이마트  ,서울특별시 강동구 동남로75길 5 (명일동) 명일이마트별관주차장1522-3232,37.5539562,127.1559803
511,상일동역  ,"서울특별시 강동구 고덕로 399 (고덕동, 고덕센트럴푸르지오)1522-3232",37.5576095,127.1699516
512,천호사거리  ,서울특별시 강동구 올림픽로 651 (천호동)1522-3232,37.5397441,127.1232777
513,올림픽공원북2문  ,서울특별시 강동구 강동대로 199 (성내동)1522-3232,37.5241832,127.1286775
514,천호대로길동  ,서울특별시 강동구 천호대로 1131 거산 유팰리스1522-3232,37.5346947,127.1372348
515,신도림  ,서울특별시 구로구 경인로 610 (신도림동)1522-3232,37.50500299999999,126.883794
516,구로디지털타워  ,서울특별시 구로구 디지털로32길 30 (구로동)1522-3232,37.4833471,126.8965154
517,오류동역  ,서울특별시 구로구 경인로 216 (오류동)1522-3232,37.4867354,126.8352645
518,구로디지털로  ,"서울특별시 구로구 디지털로33길 11, 에이스테크노8차 1층 (구로동)1522-3232",37.4856641,126.8955021
519,드림마크원  ,"서울특별시 구로구 디지털로31길 61, 드림마크원데이터센타 1층 (구로동)1522-3232",37.4857331,126.8917419
520,구로에이스  ,"서울특별시 구로구 디지털로 285, 에이스트윈타워1차 103호 (구로동)1522-3232",37.4844473,126.8944933
521,구로하이엔드  ,"서울특별시 구로구 디지털로26길 5, 에이스하이엔드타워1차 103호 (구로동)1522-3232",37.4815733,126.8934683
522,현대디큐브2F  ,서울특별시 구로구 경인로 662 (신도림동)1522-3232,37.5084321,126.8887332
523,구로호텔  ,"서울특별시 구로구 디지털로32길 72, 구로호텔 1층 (구로동)1522-3232",37.4831293,126.8988591
524,현대디큐브B2  ,서울특별시 구로구 경인로 662 (신도림동)1522-3232,37.5084321,126.8887332
525,구로고척  ,서울특별시 구로구 경인로 387 (고척동)1522-3232,37.5011414,126.8625002
526,구로NC  ,서울특별시 구로구 구로중앙로 152 (구로동) 구로NC1522-3232,37.5031784,126.8820367
527,답십리역  ,서울특별시 동대문구 천호대로 263 (답십리동)1522-3232,37.5693752,127.0568962
528,경희대삼거리  ,서울특별시 동대문구 회기로 141 (회기동)1522-3232,37.59153140000001,127.0520171
529,외대정문  ,서울특별시 동대문구 이문로 93 (이문동)1522-3232,37.5953303,127.0592389
530,신설동역  ,서울특별시 동대문구 왕산로 19 (신설동)1522-3232,37.5766701,127.0255138
531,회기역사거리  ,서울특별시 동대문구 이문로 37 (회기동)1522-3232,37.5907694,127.0561043
532,외대  ,서울특별시 동대문구 휘경로 12-1 (이문동)1522-3232,37.595688,127.0613927
533,장한평역  ,서울특별시 동대문구 장한로 10 (장안동)1522-3232,37.5622228,127.0655129
534,경희대  ,서울특별시 동대문구 경희대로 16-1 (회기동)1522-3232,37.5928812,127.0528085
535,청량리역사  ,서울특별시 동대문구 왕산로 214 (전농동)1522-3232,37.5792928,127.0479007
536,서울숲역  ,서울특별시 성동구 왕십리로 50 (성수동1가) 1층1522-3232,37.5529824,127.0463364
537,금호역  ,서울특별시 성동구 동호로 99 (금호동4가)1522-3232,37.5479939,127.0153343
538,뚝섬역  ,서울특별시 성동구 아차산로 42 (성수동1가)1522-3232,37.546432,127.0490419
539,황학사거리  ,"서울특별시 성동구 왕십리로 410 (하왕십리동, 센트라스)1522-3232",37.5687796,127.0268153
540,성수역  ,서울특별시 성동구 성수이로 94 (성수동2가)1522-3232,37.543193,127.0569432
541,상왕십리역  ,서울특별시 성동구 왕십리로 382 (하왕십리동)1522-3232,37.5695219,127.0267887
542,왕십리역  ,서울특별시 성동구 왕십리로 326 (도선동)1522-3232,37.5647948,127.0324578
543,한양대  ,"서울특별시 성동구 왕십리로 225 (행당동) 1,2층1522-3232",37.5537012,127.0363236
544,엔터식스  ,서울특별시 성동구 왕십리광장로 17 (행당동)1522-3232,37.5621482,127.0379421
545,성수이마트  ,서울특별시 성동구 뚝섬로 379 (성수동2가) 이마트 성수점1522-3232,37.5397379,127.0531007
546,성수  ,서울특별시 성동구 아차산로 104 (성수동2가)1522-3232,37.5444502,127.0553861
547,옥수  ,서울특별시 성동구 독서당로 202 (옥수동)1522-3232,37.5430298,127.0133661
548,성수낙낙  ,서울특별시 성동구 광나루로8길 31 (성수동2가) 성수낙낙 1층 101~107호1522-3232,37.5475127,127.064007
549,효창공원앞역  ,"서울특별시 용산구 백범로 313 (효창동, 용산 롯데캐슬 센터포레)1522-3232",37.5391624,126.963598
550,서울역서부  ,서울특별시 용산구 만리재로 202 (서계동)1522-3232,37.5549045,126.9684456
551,이태원역  ,서울특별시 용산구 이태원로 188 (이태원동)1522-3232,37.5342727,126.9947897
552,한강진역R  ,서울특별시 용산구 이태원로 252 (한남동)1522-3232,37.5370671,127.0010864
553,용산역써밋R  ,"서울특별시 용산구 한강대로 69 (한강로2가, 용산푸르지오써밋)1522-3232",37.5332134,126.9708761
554,이촌  ,서울특별시 용산구 이촌로 276 (이촌동)1522-3232,37.5186054,126.9772713
555,신용산역  ,"서울특별시 용산구 한강대로 95 (한강로2가, 래미안용산)1522-3232",37.5287967,126.9671806
556,용산파크타워  ,"서울특별시 용산구 서빙고로 67 (용산동5가, 파크타워)1522-3232",37.5239187,126.9718594
557,남영동  ,서울특별시 용산구 한강대로 275 (갈월동)1522-3232,37.5428313,126.9722421
558,한남동R  ,서울특별시 용산구 독서당로 94 (한남동)1522-3232,37.5347739,127.0109257
559,서울타워  ,서울특별시 용산구 남산공원길 105 (용산동2가) YTN서울타워 1층1522-3232,37.5511694,126.9882266
560,서울역동자동  ,서울특별시 용산구 한강대로 372 (동자동)1522-3232,37.5523409,126.972128
561,순천향입구  ,서울특별시 용산구 대사관로 67 (한남동)1522-3232,37.5333841,127.0056296
562,숙대  ,서울특별시 용산구 청파로47길 57 (청파동3가)1522-3232,37.5435861,126.9707652
563,동빙고  ,서울특별시 용산구 장문로 12 (동빙고동)1522-3232,37.5289471,126.9917838
564,숙대입구역  ,서울특별시 용산구 한강대로 291 (갈월동)1522-3232,37.5442008,126.9719246
565,용산아이파크몰  ,서울특별시 용산구 한강대로23길 551522-3232,37.5280137,126.9653287
566,동부이촌동  ,서울특별시 용산구 이촌로 198 (이촌동)1522-3232,37.5210945,126.9690312
567,용산해링턴스퀘어  ,서울특별시 용산구 서빙고로 17 (한강로3가)1522-3232,37.53211450000001,126.9650371
568,서울역사  ,서울특별시 용산구 한강대로 405 (동자동) 신-101호1522-3232,37.5490645,126.9704658
569,용산리첸시아  ,"서울특별시 용산구 백범로 341 (원효로1가, 리첸시아 용산)1522-3232",37.5380677,126.9676185
570,포포인츠서울역  ,서울특별시 용산구 한강대로 366 (동자동)1522-3232,37.5523409,126.972128
571,용산전자랜드  ,서울특별시 용산구 청파로 74 (한강로3가)1522-3232,37.52909229999999,126.9606764
572,상봉  ,"서울특별시 중랑구 상봉로 131 (상봉동, 상봉 듀오트리스 주상복합)1522-3232",37.5909072,127.0937704
573,중랑역  ,서울특별시 중랑구 망우로30길 3 (상봉동)1522-3232,37.5930326,127.0747358
574,중랑구청  ,서울특별시 중랑구 신내로 721522-3232,37.6083906,127.0954925
575,사가정역  ,서울특별시 중랑구 면목로 3101522-3232,37.5841989,127.0866148
576,상봉역  ,서울특별시 중랑구 망우로 307 (상봉동)1522-3232,37.5968974,127.086455
577,묵동  ,"서울특별시 중랑구 동일로 952 (묵동, 로프트원 태릉입구역) 1층1522-3232",37.6153431,127.0766463
578,중화역  ,"서울특별시 중랑구 봉화산로 35 1,2층1522-3232",37.6016921,127.0782571
